redirect_url,title,latitude,created,id,salary_is_predicted,company,location,longitude,description,salary_min,salary_max,contract_time,category_label,category_tag
https://www.adzuna.pl/land/ad/5848095644?se=PivYZxWt8RGCxtGg0Mgogg&utm_medium=api&utm_source=227b256d&v=8FAED619E58209EA0E9F71C262970F25A0B8BDAC,Business Data Analyst ServiceNow,51.10789,2026-08-19 13:00:28+00:00,5848095644,0,Capgemini,"Wrocław, dolnośląskie",17.03854,"Choosing Capgemini means choosing a company where you will be empowered to shape your career in the way you’d like, where you’ll be supported and inspired by a collaborative community of colleagues around the world, and where you’ll be able to reimagine what’s possible. Join us and help the world’s leading organizations unlock the value of technology and build a more sustainable, more inclusive world. Your role As a Business Data Analyst, you will have the opportunity to work on a wide range o …",,,,IT,it-jobs
https://www.adzuna.pl/land/ad/5829010846?se=PivYZxWt8RGCxtGg0Mgogg&utm_medium=api&utm_source=227b256d&v=AD90223EFBCB6CE59CB25518804926466BEFD376,Data Analyst Process Mining BI,51.10789,2026-08-05 12:54:52+00:00,5829010846,0,Capgemini,"Wrocław, dolnośląskie",17.03854,"Choosing Capgemini means choosing a company where you will be empowered to shape your career in the way you’d like, where you’ll be supported and inspired by a collaborative community of colleagues around the world, and where you’ll be able to reimagine what’s possible. Join us and help the world’s leading organizations unlock the value of technology and build a more sustainable, more inclusive world. Your role As a Data Analyst you will lead complex process mining programs and ensure high-qual…",,,,IT,it-jobs
https://www.adzuna.pl/land/ad/5858189753?se=PivYZxWt8RGCxtGg0Mgogg&utm_medium=api&utm_source=227b256d&v=278DFDBD9D5E7B93B4266EEB338E918A488C67CB,Data Platform Analyst Kafka,51.10789,2026-08-27 13:01:03+00:00,5858189753,0,ITLT,"Wrocław, dolnośląskie",17.03854,"W ITLT pomagamy naszym zaprzyjaźnionym firmom przekształcać ambitne pomysły w cyfrową rzeczywistość. Z nastawieniem na wyzwania, ciekawość technologii i zwinność współtworzymy wyjątkowe rozwiązania IT i zapewniamy doświadczone osoby eksperckie, które pomagają przyspieszać cyfrową transformację. Aktualnie poszukujemy profilu na stanowisko: Data Platform Analyst (Kafka) Informacje organizacyjne: Lokalizacja biura: Wrocław Tryb realizacji usług: zdalnie  spotkania w biurze raz w miesiącu Forma wsp…",262080.0,322560.0,,IT,it-jobs
https://www.adzuna.pl/details/5843286147?utm_medium=api&utm_source=227b256d,Data Analyst,51.10931,2026-08-15 17:56:43+00:00,5843286147,0,Cookie Information A/S,"Wrocław, dolnośląskie",17.02673,"We’re looking for a Data Analyst to join our Data team and help us turn the data in our central warehouse into actionable insights that guide commercial and product decisions. You’ll likely thrive in this role if you enjoy uncovering trends, translating data into clear business narratives, and taking ownership of how analytics evolves across the organisation. If dynamic, cross-functional environments bring out your best, you’ll feel right at home. We are flexible with the location of this role.…",,,full_time,Unknown,unknown
https://www.adzuna.pl/details/5855572777?utm_medium=api&utm_source=227b256d,Data Analyst- Tableau,51.11201,2026-08-25 17:48:37+00:00,5855572777,0,Fetcherr,"Wrocław, dolnośląskie",17.01874,"Fetcherr builds responsible AI that transforms market complexity into measurable profit growth. At the core of the company is the Market Model - a proprietary AI-powered model delivering accurate, granular demand predictions with 96% forecast accuracy and real-time decision intelligence for commercial teams. Built on a glass-box architecture, it uses market data - not personal data - with full transparency into logic and outcomes. First deployed in global aviation, the technology is industry-ag…",,,full_time,Unknown,unknown
https://www.adzuna.pl/details/5849803742?utm_medium=api&utm_source=227b256d,Business Data Analyst,51.10789,2026-08-20 17:49:59+00:00,5849803742,0,Just Eat,"Wrocław, dolnośląskie",17.03854,"Ready for a challenge? Then Pyszne.pl might be the place for you. We’re a leading global online delivery platform, and our vision is to empower everyday convenience. Whether it’s a Friday-night feast, a post-gym poke bowl, or grabbing some groceries, our tech platform connects tens of millions of customers with hundreds of thousands of restaurant, grocery and convenience partners across the globe. About this role To make our customers and partners happy we are relying heavily on insights hidden…",,,full_time,Unknown,unknown
https://www.adzuna.pl/land/ad/5840228634?se=PivYZxWt8RGCxtGg0Mgogg&utm_medium=api&utm_source=227b256d&v=70C956C30CDE95A9131A4FCA706F6B05B5716374,Data Platform Developer-Analyst,51.10789,2026-08-13 12:57:07+00:00,5840228634,0,Upvanta sp. z o.o.,"Wrocław, dolnośląskie",17.03854,"Do zespołu Data Platform poszukujemy programisty-analityka, który nie tylko będzie budował nowoczesne rozwiązania oparte na Apache Kafka, Kafka Connect, Spring Boot, MongoDB, GraphQL i Apache Iceberg, ale także będzie odpowiedzialny za analizę wymagań biznesowych oraz mapowanie danych pomiędzy systemami źródłowymi, platformą streamingową i bazą ODS opartą o MongoDB i usługi graphQL. Idealny kandydat potrafi rozmawiać z interesariuszami, przekształcać ich potrzeby w techniczne specyfikacje oraz …",277200.0,327600.0,,IT,it-jobs
https://www.adzuna.pl/land/ad/5822313056?se=PivYZxWt8RGCxtGg0Mgogg&utm_medium=api&utm_source=227b256d&v=27D9C28B7C0F03F1B32CB505BD6C88D304E4B148,Data Analyst Scrum Master,51.10789,2026-07-31 12:54:51+00:00,5822313056,0,Avenga,"Wrocław, dolnośląskie",17.03854,DESCRIPTION Data Analyst Responsibilities • Participate in data and finance-related projects delivered on cloud platforms • Support data validation and ensure delivered data meets business quality expectations • Contribute to data modeling activities (e.g. logical and dimensional models) • Analyze financial datasets and support definition of KPIs and business rules • Collaborate with Data Engineers and Product Owner on data requirements and user stories • Assist in identifying data issues and p…,27720.0,32760.0,,IT,it-jobs
https://www.adzuna.pl/details/5834199195?utm_medium=api&utm_source=227b256d,HR Data Analyst @ Antal,51.10789,2026-08-09 03:47:31+00:00,5834199195,0,Antal,"Wrocław, dolnośląskie",17.03854,"Undergraduate degree (degree in business analytics, statistics, math, or computer science is preferred). 2 years of experience in an analytical role (experience in People/HR analytics is a significant advantage). Strong technical skills: PowerApps (Power BI, Power Query, Power Automate) , Advanced Excel, and Advanced PowerPoint. Superb analytical skills with hands-on experience in cleaning, manipulating, and combining large datasets. Excellent written and verbal communication skills with the ab…",,,full_time,IT,it-jobs
https://www.adzuna.pl/details/5872793140?utm_medium=api&utm_source=227b256d,Senior Data Analyst - Customer Service EMEA,51.10789,2026-09-06 07:48:16+00:00,5872793140,0,Danaher Corporation,"Wrocław, dolnośląskie",17.03854,"Bring more to life. Are you ready to accelerate your potential and make a real difference within life sciences, diagnostics and biotechnology? At Beckman Coulter Diagnostics, one of Danaher's (https://danaher.com/our-businesses) 15 operating companies, our work saves lives-and we're all united by a shared commitment to innovate for tangible impact. You'll thrive in a culture of belonging where you and your unique viewpoint matter. And by harnessing Danaher's system of continuous improvement, yo…",,,,Unknown,unknown
https://www.adzuna.pl/details/5862333297?utm_medium=api&utm_source=227b256d,"(Associate) Specialist, Data Analyst & Analytics Engineering",51.10789,2026-08-30 17:49:33+00:00,5862333297,0,QIAGEN Wroclawz.o.o.,"Wrocław, dolnośląskie",17.03854,"Overview At QIAGEN, we are driven by a simple but powerful vision: making improvements in life possible. We’re dedicated to revolutionizing science and healthcare for the better. From our entrepreneurial roots to our current global presence, we've grown into a force for positive change. With thousands of employees across six continents, collaboration is our greatest strength. We’re always striving to identify talented individuals to join our exceptional teams. We have played a pivotal role in s…",,,full_time,"PR, reklama, marketing",pr-advertising-marketing-jobs
https://www.adzuna.pl/land/ad/5840228916?se=PivYZxWt8RGCxtGg0Mgogg&utm_medium=api&utm_source=227b256d&v=62FB17B8C028CF7A994AFE461D085975AB3C9989,Data Platform Developer-Analyst f m x,51.10789,2026-08-13 12:57:47+00:00,5840228916,0,B2Bnetwork,"Wrocław, dolnośląskie",17.03854,"Poszukujemy osoby na stanowisko Data Platform Developer-Analyst, która połączy kompetencje developerskie z analizą wymagań biznesowych. Rola obejmuje rozwój nowoczesnej platformy event-driven, pracę z Apache Kafka oraz projektowanie i integrację przepływów danych. Istotnym elementem stanowiska jest współpraca z interesariuszami i zespołami IT oraz przekładanie potrzeb biznesowych na rozwiązania techniczne. Zakres obowiązków Analiza wymagań biznesowych i przekładanie ich na specyfikacje technicz…",141120.0,201600.0,,IT,it-jobs
https://www.adzuna.pl/details/5828820561?utm_medium=api&utm_source=227b256d,Lead Data Analyst with Power BI (f/m/x),51.10789,2026-08-05 09:27:56+00:00,5828820561,0,Sii Sp. z o.o.,"Wrocław, dolnośląskie",17.03854,"Lead Data Analyst with Power BI (f/m/x) Miejsce pracy: Wrocław Technologie, których używamy Wymagane Microsoft Fabric SQL Python DAX Microsoft Azure Power Query Data Modeling Data Quality Data Governance Analityka ML Microsoft Power BI Mile widziane MS Fabric IQ Microsoft Copilot Studio ETL DWH Databricks Snowflake O projekcie Chcesz tworzyć rozwiązania Data & Analytics, które realnie wspierają decyzje biznesowe? Dołącz do naszego Centrum Kompetencyjnego Data & Analytics i współtwórz nowoczesne…",,,,IT,it-jobs
https://www.adzuna.pl/land/ad/5818296173?se=PivYZxWt8RGCxtGg0Mgogg&utm_medium=api&utm_source=227b256d&v=DABFDEF7C6A4720C47F53CA7282DBC67DD4F393A,Mid Senior Data Analyst with Python f m d,51.10789,2026-07-28 12:50:56+00:00,5818296173,0,Ten Square Games,"Wrocław, dolnośląskie",17.03854,"HYBRID WORK MODEL: 3 DAYS PER WEEK (60%) IN OUR WROCLAW OFFICE AND 2 DAYS REMOTE About us Hi, we are Ten Square Games, and we live games! No, not a typo - but a level up from loving! We are on a mission of giving players excellent outdoor experiences on their mobiles. With global hits, such as Fishing Clash, we know how to make the best of technology, fun, and fair play. With 77 million registered players in 2024 and 300 people on board, we keep growing and learning, having the insatiable hunge…",,,,IT,it-jobs
https://www.adzuna.pl/land/ad/5840228926?se=PivYZxWt8RGCxtGg0Mgogg&utm_medium=api&utm_source=227b256d&v=D8DD3BF1888CF9C278515BB9EDD9703383AEEDD5,Data Platform Developer and Analyst | Branża bankowa,51.10789,2026-08-13 12:57:47+00:00,5840228926,0,Edge One Solutions Sp. z o.o,"Wrocław, dolnośląskie",17.03854,"O nas Społeczność Edge One Solutions powstała z miłości do nowych technologii. Liczymy ponad 350 ekspertów, a w Grupie Euvic, której jesteśmy częścią, jest nas już 5500. Indywidualne podejście pozwala na dopasowanie projektów do umiejętności, przez co realnie wspieramy się w rozwoju kompetencji. O kliencie Nasz Klient to jeden z wiodących banków uniwersalnych w Polsce, należący do międzynarodowej grupy finansowej. Organizacja oferuje kompleksowe usługi bankowe dla klientów indywidualnych oraz b…",,,,IT,it-jobs
https://www.adzuna.pl/details/5849363483?utm_medium=api&utm_source=227b256d,Data Platform Developer-Analyst,51.10789,2026-08-20 10:01:02+00:00,5849363483,0,NATEK POLAND,"Wrocław, dolnośląskie",17.03854,"Data Platform Developer-Analyst Miejsce pracy: Wrocław Technologie, których używamy Wymagane Apache Kafka SQL Java Spring Boot Spring Framework MongoDB GraphQL Python Prometheus Grafana OpenTelemetry Jira Confluence O projekcie Dołącz do NATEK Polska jako Data Platform Developer-Analyst i wesprzyj realizację projektów dla jednego z naszych klientów w branży bankowej. Tak organizujemy naszą pracę Tak pracujemy u klienta Twój zakres obowiązków Współpraca z analitykami i zespołami IT w zakresie an…",,,,IT,it-jobs
https://www.adzuna.pl/details/5842842516?utm_medium=api&utm_source=227b256d,Data Platform Developer-Analyst,51.10789,2026-08-15 09:39:23+00:00,5842842516,0,HIBERUS POLAND SPÓŁKA Z OGRANICZONĄ ODPOWIEDZIALNOŚCIĄ,"Wrocław, dolnośląskie",17.03854,"Data Platform Developer-Analyst Miejsce pracy: Wrocław Technologie, których używamy Wymagane Java Spring Boot Apache Kafka Kafka Connect Kafka Streams kSQL MongoDB GraphQL Apache Iceberg Python Prometheus Grafana OpenTelemetry O projekcie Dla naszego klienta poszukujemy Data Platform Developer-Analyst, który łączy umiejętności programistyczne i analityczne. Osoba na tym stanowisku będzie rozwijać rozwiązania oparte na Apache Kafka, Kafka Connect, Spring Boot, MongoDB, GraphQL i Apache Iceberg, …",,,,IT,it-jobs
https://www.adzuna.pl/details/5831665172?utm_medium=api&utm_source=227b256d,Business Analyst (Data Governance),51.10789,2026-08-07 09:30:13+00:00,5831665172,0,Scalo Sp. z o.o.,"Wrocław, dolnośląskie",17.03854,"Business Analyst (Data Governance) Miejsce pracy: Wrocław Technologie, których używamy Wymagane Ab Initio Collibra SQL O projekcie W Scalo zajmujemy się dostarczaniem projektów software'owych i wspieraniem naszych partnerów w rozwijaniu ich biznesu. Tworzymy oprogramowanie, które umożliwia ludziom dokonywanie zmian, działanie w szybszym tempie oraz osiąganie lepszych rezultatów. Wykorzystujemy szerokie spektrum usług IT, aby wspierać naszych klientów w realizacji ich celów biznesowych. Obszary …",,,,Praca naukowa i QA,scientific-qa-jobs
https://www.adzuna.pl/details/5841487609?utm_medium=api&utm_source=227b256d,Data Platform Developer-Analyst (f/m/x),51.10789,2026-08-14 10:07:40+00:00,5841487609,0,B2B.NET S.A.,"Wrocław, dolnośląskie",17.03854,"Data Platform Developer-Analyst (f/m/x) Miejsce pracy: Wrocław Technologie, których używamy Wymagane Apache Kafka Kafka Streams kSQL Kafka Connect Java Spring Boot Spring Cloud Spring Security Spring Data MongoDB GraphQL Apache Iceberg Python Prometheus Grafana OpenTelemetry TLS SASL ACL O projekcie Poszukujemy osoby na stanowisko Data Platform Developer-Analyst, która połączy kompetencje developerskie z analizą wymagań biznesowych. Rola obejmuje rozwój nowoczesnej platformy event-driven, pracę…",,,,IT,it-jobs
https://www.adzuna.pl/details/5841487084?utm_medium=api&utm_source=227b256d,Data Platform Developer-Analyst (m/k/n),51.10789,2026-08-14 10:07:30+00:00,5841487084,0,UPVANTA SPÓŁKA Z OGRANICZONĄ ODPOWIEDZIALNOŚCIĄ,"Wrocław, dolnośląskie",17.03854,"Data Platform Developer-Analyst (m/k/n) Miejsce pracy: Wrocław Technologie, których używamy Wymagane Apache Kafka Spring Boot Java MongoDB O projekcie Do zespołu Data Platform poszukujemy programisty-analityka, który nie tylko będzie budował nowoczesne rozwiązania oparte na Apache Kafka, Kafka Connect, Spring Boot, MongoDB, GraphQL i Apache Iceberg, ale także będzie odpowiedzialny za analizę wymagań biznesowych oraz mapowanie danych pomiędzy systemami źródłowymi, platformą streamingową i bazą O…",,,,IT,it-jobs
https://www.adzuna.pl/details/5842841955?utm_medium=api&utm_source=227b256d,Data Platform Developer and Analyst | Branża bankowa,51.10789,2026-08-15 09:39:17+00:00,5842841955,0,Edge One Solutions Sp. z o.o.,"Wrocław, dolnośląskie",17.03854,"Data Platform Developer and Analyst | Branża bankowa Miejsce pracy: Wrocław Technologie, których używamy Wymagane Kafka Streams kSQL Spring Boot GraphQL Python Prometheus Grafana OpenTelemetry Jira Confluence O projekcie Nasz Klient to jeden z wiodących banków uniwersalnych w Polsce, należący do międzynarodowej grupy finansowej. Organizacja oferuje kompleksowe usługi bankowe dla klientów indywidualnych oraz biznesowych, rozwijając nowoczesne rozwiązania w obszarze bankowości codziennej, finanso…",,,,IT,it-jobs
https://www.adzuna.pl/details/5833045617?utm_medium=api&utm_source=227b256d,"Analyst, Finance Master Data Management - Fixed Term Contract until 31/12/2027",51.10789,2026-08-08 07:36:53+00:00,5833045617,0,BD ,"Wrocław, dolnośląskie",17.03854,"We are the people who give possibilities purpose BD is one of the largest global medical technology companies in the world. Advancing the world of health is our Purpose, and it's no small feat. It takes the imagination and passion of all of us-from design and engineering to the manufacturing and marketing of our billions of MedTech products per year-to look at the impossible and find transformative solutions that turn dreams into possibilities. Job Description Team Overview The Global Finance S…",,,,Unknown,unknown
https://www.adzuna.pl/details/5830114918?utm_medium=api&utm_source=227b256d,Product Stewardship Data Analytics Support,51.10789,2026-08-06 07:36:23+00:00,5830114918,0,BD ,"Wrocław, dolnośląskie",17.03854,"We are the people who give possibilities purpose BD is one of the largest global medical technology companies in the world. Advancing the world of health is our Purpose, and it's no small feat. It takes the imagination and passion of all of us-from design and engineering to the manufacturing and marketing of our billions of MedTech products per year-to look at the impossible and find transformative solutions that turn dreams into possibilities. Job Description Job Description: The Data Analytic…",,,,Unknown,unknown
